run_id,initial_case_id,initial_label,psi0,psi0_lower,psi0_upper,schedule_id,binary_sequence,on_count,on_fraction,theta_1in_t0,theta_5in_t0,theta_9in_t0,theta_1in_t1,theta_5in_t1,theta_9in_t1,theta_1in_t2,theta_5in_t2,theta_9in_t2,theta_1in_t3,theta_5in_t3,theta_9in_t3,theta_1in_t4,theta_5in_t4,theta_9in_t4
run_0001,dry_001,dry,-2.19,-2.19,-1.38,sched_0001,0000,0,0,15.3559232716744,15.3559232716744,15.3559232716744,15.3558026995988,15.3559232716741,15.3559232716744,15.355684816953,15.3559232716655,15.3559232716744,15.3555695107381,15.35592327161,15.3559232716744,15.3554566739422,15.3559232714125,15.3559232716744
run_0002,dry_001,dry,-2.19,-2.19,-1.38,sched_0002,0001,1,0.25,15.3559232716744,15.3559232716744,15.3559232716744,15.3558026995988,15.3559232716741,15.3559232716744,15.355684816953,15.3559232716655,15.3559232716744,15.3555695107381,15.35592327161,15.3559232716744,24.6079496436209,24.5421363802335,24.4779030204302
run_0003,dry_001,dry,-2.19,-2.19,-1.38,sched_0003,0010,1,0.25,15.3559232716744,15.3559232716744,15.3559232716744,15.3558026995988,15.3559232716741,15.3559232716744,15.355684816953,15.3559232716655,15.3559232716744,24.6079520084914,24.5421395233339,24.4779069969906,18.4077838266376,19.4675807940176,20.1752631598822
run_0004,dry_001,dry,-2.19,-2.19,-1.38,sched_0004,0011,2,0.5,15.3559232716744,15.3559232716744,15.3559232716744,15.3558026995988,15.3559232716741,15.3559232716744,15.355684816953,15.3559232716655,15.3559232716744,24.6079520084914,24.5421395233339,24.4779069969906,24.9959781592573,24.9959654783865,24.995956503193
run_0005,dry_001,dry,-2.19,-2.19,-1.38,sched_0005,0100,1,0.25,15.3559232716744,15.3559232716744,15.3559232716744,15.3558026995988,15.3559232716741,15.3559232716744,24.6079526481626,24.5421403985556,24.4779081655405,18.4077839841173,19.4675809859984,20.175263366584,17.4173184988706,18.2112732792951,18.7773736218695
run_0006,dry_001,dry,-2.19,-2.19,-1.38,sched_0006,0101,2,0.5,15.3559232716744,15.3559232716744,15.3559232716744,15.3558026995988,15.3559232716741,15.3559232716744,24.6079526481626,24.5421403985556,24.4779081655405,18.4077839841173,19.4675809859984,20.175263366584,24.8929792190592,24.8877026617961,24.8836359727641
run_0007,dry_001,dry,-2.19,-2.19,-1.38,sched_0007,0110,2,0.5,15.3559232716744,15.3559232716744,15.3559232716744,15.3558026995988,15.3559232716741,15.3559232716744,24.6079526481626,24.5421403985556,24.4779081655405,24.9959781771309,24.9959654961585,24.995956521159,18.483018056665,19.5589609116872,20.2733836482115
run_0008,dry_001,dry,-2.19,-2.19,-1.38,sched_0008,0111,3,0.75,15.3559232716744,15.3559232716744,15.3559232716744,15.3558026995988,15.3559232716741,15.3559232716744,24.6079526481626,24.5421403985556,24.4779081655405,24.9959781771309,24.9959654961585,24.995956521159,24.9999967095214,24.9999967094898,24.9999967094676
run_0009,dry_001,dry,-2.19,-2.19,-1.38,sched_0009,1000,1,0.25,15.3559232716744,15.3559232716744,15.3559232716744,24.607951942374,24.5421394374288,24.4779067606002,18.4077837796702,19.4675807367275,20.1752630980324,17.4173184234562,18.2112731800844,18.777373508112,16.9754556443861,17.6220029103249,18.0939625402255
run_0010,dry_001,dry,-2.19,-2.19,-1.38,sched_0010,1001,2,0.5,15.3559232716744,15.3559232716744,15.3559232716744,24.607951942374,24.5421394374288,24.4779067606002,18.4077837796702,19.4675807367275,20.1752630980324,17.4173184234562,18.2112731800844,18.777373508112,24.8430749507584,24.8321898537214,24.8234773802817
run_0011,dry_001,dry,-2.19,-2.19,-1.38,sched_0011,1010,2,0.5,15.3559232716744,15.3559232716744,15.3559232716744,24.607951942374,24.5421394374288,24.4779067606002,18.4077837796702,19.4675807367275,20.1752630980324,24.8929792107483,24.8877026527143,24.8836359630661,18.465784671891,19.5380881787449,20.2510269323286
run_0012,dry_001,dry,-2.19,-2.19,-1.38,sched_0012,1011,3,0.75,15.3559232716744,15.3559232716744,15.3559232716744,24.607951942374,24.5421394374288,24.4779067606002,18.4077837796702,19.4675807367275,20.1752630980324,24.8929792107483,24.8877026527143,24.8836359630661,24.9995532086755,24.9995529751563,24.9995528106717
run_0013,dry_001,dry,-2.19,-2.19,-1.38,sched_0013,1100,2,0.5,15.3559232716744,15.3559232716744,15.3559232716744,24.607951942374,24.5421394374288,24.4779067606002,24.995978154296,24.9959654733571,24.995956498286,18.4830180530716,19.5589609072577,20.2733836399521,17.4446805389427,18.2472310435632,18.8185632022756
run_0014,dry_001,dry,-2.19,-2.19,-1.38,sched_0014,1101,3,0.75,15.3559232716744,15.3559232716744,15.3559232716744,24.607951942374,24.5421394374288,24.4779067606002,24.995978154296,24.9959654733571,24.995956498286,18.4830180530716,19.5589609072577,20.2733836399521,24.8959901384062,24.8909890393995,24.8871434451925
run_0015,dry_001,dry,-2.19,-2.19,-1.38,sched_0015,1110,3,0.75,15.3559232716744,15.3559232716744,15.3559232716744,24.607951942374,24.5421394374288,24.4779067606002,24.995978154296,24.9959654733571,24.995956498286,24.9999967095452,24.9999967095162,24.9999967094941,18.483655237967,19.5597318294712,20.2742096934118
run_0016,dry_001,dry,-2.19,-2.19,-1.38,sched_0016,1111,4,1,15.3559232716744,15.3559232716744,15.3559232716744,24.607951942374,24.5421394374288,24.4779067606002,24.995978154296,24.9959654733571,24.995956498286,24.9999967095452,24.9999967095162,24.9999967094941,24.999999776703,24.9999997767028,24.9999997767026
run_0017,dry_002,dry,-2.10961623278784,-2.19,-1.38,sched_0001,0000,0,0,15.3793658385716,15.3793658385716,15.3793658385716,15.3790567774606,15.3793658385644,15.3793658385716,15.3787596034082,15.3793658383601,15.3793658385716,15.3784734611944,15.3793658370634,15.3793658385716,15.3781975730737,15.3793658325736,15.3793658385716
run_0018,dry_002,dry,-2.10961623278784,-2.19,-1.38,sched_0002,0001,1,0.25,15.3793658385716,15.3793658385716,15.3793658385716,15.3790567774606,15.3793658385644,15.3793658385716,15.3787596034082,15.3793658383601,15.3793658385716,15.3784734611944,15.3793658370634,15.3793658385716,24.6105613453033,24.5456478987178,24.4824571100156
run_0019,dry_002,dry,-2.10961623278784,-2.19,-1.38,sched_0003,0010,1,0.25,15.3793658385716,15.3793658385716,15.3793658385716,15.3790567774606,15.3793658385644,15.3793658385716,15.3787596034082,15.3793658383601,15.3793658385716,24.6105632722928,24.5456504280525,24.4824602173807,18.4084067540279,19.468340822627,20.1760837866887
run_0020,dry_002,dry,-2.10961623278784,-2.19,-1.38,sched_0004,0011,2,0.5,15.3793658385716,15.3793658385716,15.3793658385716,15.3790567774606,15.3793658385644,15.3793658385716,15.3787596034082,15.3793658383601,15.3793658385716,24.6105632722928,24.5456504280525,24.4824602173807,24.9960263514933,24.9960139459835,24.9960051661701
run_0021,dry_002,dry,-2.10961623278784,-2.19,-1.38,sched_0005,0100,1,0.25,15.3793658385716,15.3793658385716,15.3793658385716,15.3790567774606,15.3793658385644,15.3793658385716,24.6105659728818,24.5456541142471,24.4824651621214,18.4084074311625,19.4683416481655,20.1760846759703,17.4175484036779,18.2115757209978,18.7777203984597
run_0022,dry_002,dry,-2.10961623278784,-2.19,-1.38,sched_0006,0101,2,0.5,15.3793658385716,15.3793658385716,15.3793658385716,15.3790567774606,15.3793658385644,15.3793658385716,24.6105659728818,24.5456541142471,24.4824651621214,18.4084074311625,19.4683416481655,20.1760846759703,24.8930044922132,24.8877302719165,24.883665464762
run_0023,dry_002,dry,-2.10961623278784,-2.19,-1.38,sched_0007,0110,2,0.5,15.3793658385716,15.3793658385716,15.3793658385716,15.3790567774606,15.3793658385644,15.3793658385716,24.6105659728818,24.5456541142471,24.4824651621214,24.9960264056417,24.9960140003564,24.9960052209067,18.483024283625,19.5589682538457,20.2733922647199
run_0024,dry_002,dry,-2.10961623278784,-2.19,-1.38,sched_0008,0111,3,0.75,15.3793658385716,15.3793658385716,15.3793658385716,15.3790567774606,15.3793658385644,15.3793658385716,24.6105659728818,24.5456541142471,24.4824651621214,24.9960264056417,24.9960140003564,24.9960052209067,24.999996748936,24.9999967489083,24.9999967488868
run_0025,dry_002,dry,-2.10961623278784,-2.19,-1.38,sched_0009,1000,1,0.25,15.3793658385716,15.3793658385716,15.3793658385716,24.6105686908182,24.5456577662501,24.4824698886857,18.4084080799345,19.4683424391046,20.1760855278849,17.4175486428804,18.2115760356672,18.7777207592521,16.9755791222473,17.6221697421443,18.0941581686619
run_0026,dry_002,dry,-2.10961623278784,-2.19,-1.38,sched_0010,1001,2,0.5,15.3793658385716,15.3793658385716,15.3793658385716,24.6105686908182,24.5456577662501,24.4824698886857,18.4084080799345,19.4683424391046,20.1760855278849,17.4175486428804,18.2115760356672,18.7777207592521,24.843089330096,24.8322061345988,24.8234952673868
run_0027,dry_002,dry,-2.10961623278784,-2.19,-1.38,sched_0011,1010,2,0.5,15.3793658385716,15.3793658385716,15.3793658385716,24.6105686908182,24.5456577662501,24.4824698886857,18.4084080799345,19.4683424391046,20.1760855278849,24.8930045185863,24.8877303007333,24.8836654955435,18.4657890701823,19.5380935127186,20.2510326652988
run_0028,dry_002,dry,-2.10961623278784,-2.19,-1.38,sched_0012,1011,3,0.75,15.3793658385716,15.3793658385716,15.3793658385716,24.6105686908182,24.5456577662501,24.4824698886857,18.4084080799345,19.4683424391046,20.1760855278849,24.8930045185863,24.8877303007333,24.8836654955435,24.9995533844287,24.9995531513996,24.9995529872342
run_0029,dry_002,dry,-2.10961623278784,-2.19,-1.38,sched_0013,1100,2,0.5,15.3793658385716,15.3793658385716,15.3793658385716,24.6105686908182,24.5456577662501,24.4824698886857,24.9960264574391,24.9960140524049,24.9960052731228,18.4830242918369,19.5589682637842,20.2733922753576,17.4446827626828,18.2472339619652,18.8185665407611
run_0030,dry_002,dry,-2.10961623278784,-2.19,-1.38,sched_0014,1101,3,0.75,15.3793658385716,15.3793658385716,15.3793658385716,24.6105686908182,24.5456577662501,24.4824698886857,24.9960264574391,24.9960140524049,24.9960052731228,18.4830242918369,19.5589682637842,20.2733922753576,24.895990383982,24.8909893071515,24.887143730713
run_0031,dry_002,dry,-2.10961623278784,-2.19,-1.38,sched_0015,1110,3,0.75,15.3793658385716,15.3793658385716,15.3793658385716,24.6105686908182,24.5456577662501,24.4824698886857,24.9960264574391,24.9960140524049,24.9960052731228,24.999996748981,24.9999967489501,24.9999967489284,18.483652027476,19.5597279066491,20.2742049736644
run_0032,dry_002,dry,-2.10961623278784,-2.19,-1.38,sched_0016,1111,4,1,15.3793658385716,15.3793658385716,15.3793658385716,24.6105686908182,24.5456577662501,24.4824698886857,24.9960264574391,24.9960140524049,24.9960052731228,24.999996748981,24.9999967489501,24.9999967489284,24.9999997772874,24.9999997772871,24.999999777287
run_0033,dry_003,dry,-1.75976179307295,-2.19,-1.38,sched_0001,0000,0,0,15.7258473670706,15.7258473670706,15.7258473670706,15.7025270372013,15.7258290471083,15.7258473661864,15.6868007060819,15.725562453169,15.7258471751422,15.6746543601464,15.7247157350179,15.7258440745428,15.6646024820796,15.7231852222226,15.7258268412709
run_0034,dry_003,dry,-1.75976179307295,-2.19,-1.38,sched_0002,0001,1,0.25,15.7258473670706,15.7258473670706,15.7258473670706,15.7025270372013,15.7258290471083,15.7258473661864,15.6868007060819,15.725562453169,15.7258471751422,15.6746543601464,15.7247157350179,15.7258440745428,24.647126361168,24.5940521270188,24.5441591194224
run_0035,dry_003,dry,-1.75976179307295,-2.19,-1.38,sched_0003,0010,1,0.25,15.7258473670706,15.7258473670706,15.7258473670706,15.7025270372013,15.7258290471083,15.7258473661864,15.6868007060819,15.725562453169,15.7258471751422,24.6473284221802,24.5943157838627,24.5444899458093,18.4169613901337,19.4787668628269,20.1873152331931
run_0036,dry_003,dry,-1.75976179307295,-2.19,-1.38,sched_0004,0011,2,0.5,15.7258473670706,15.7258473670706,15.7258473670706,15.7025270372013,15.7258290471083,15.7258473661864,15.6868007060819,15.725562453169,15.7258471751422,24.6473284221802,24.5943157838627,24.5444899458093,24.9966698842546,24.996660889731,24.9966545292327
run_0037,dry_003,dry,-1.75976179307295,-2.19,-1.38,sched_0005,0100,1,0.25,15.7258473670706,15.7258473670706,15.7258473670706,15.7025270372013,15.7258290471083,15.7258473661864,24.6475306996594,24.5945797594245,24.5448213448131,18.4170073578146,19.4788228632687,20.1873755406144,17.420714130287,18.21573967256,18.7824940876456
run_0038,dry_003,dry,-1.75976179307295,-2.19,-1.38,sched_0006,0101,2,0.5,15.7258473670706,15.7258473670706,15.7258473670706,15.7025270372013,15.7258290471083,15.7258473661864,24.6475306996594,24.5945797594245,24.5448213448131,18.4170073578146,19.4788228632687,20.1873755406144,24.8933535051968,24.8881115769945,24.8840727216449
run_0039,dry_003,dry,-1.75976179307295,-2.19,-1.38,sched_0007,0110,2,0.5,15.7258473670706,15.7258473670706,15.7258473670706,15.7025270372013,15.7258290471083,15.7258473661864,24.6475306996594,24.5945797594245,24.5448213448131,24.9966732576147,24.9966642786251,24.99665793015,18.4831271115027,19.5590926581119,20.2735259817798
run_0040,dry_003,dry,-1.75976179307295,-2.19,-1.38,sched_0008,0111,3,0.75,15.7258473670706,15.7258473670706,15.7258473670706,15.7025270372013,15.7258290471083,15.7258473661864,24.6475306996594,24.5945797594245,24.5448213448131,24.9966732576147,24.9966642786251,24.99665793015,24.9999972581138,24.9999972580881,24.9999972580725
run_0041,dry_003,dry,-1.75976179307295,-2.19,-1.38,sched_0009,1000,1,0.25,15.7258473670706,15.7258473670706,15.7258473670706,24.6477318679388,24.5948421082566,24.545150272887,18.4170521914751,19.4788767526258,20.1874312948429,17.4207306053761,18.21576133986,18.7825189247526,16.9772845937678,17.6244738733318,18.0968598489173
run_0042,dry_003,dry,-1.75976179307295,-2.19,-1.38,sched_0010,1001,2,0.5,15.7258473670706,15.7258473670706,15.7258473670706,24.6477318679388,24.5948421082566,24.545150272887,18.4170521914751,19.4788767526258,20.1874312948429,17.4207306053761,18.21576133986,18.7825189247526,24.8432882814456,24.8324313734391,24.823742902241
run_0043,dry_003,dry,-1.75976179307295,-2.19,-1.38,sched_0011,1010,2,0.5,15.7258473670706,15.7258473670706,15.7258473670706,24.6477318679388,24.5948421082566,24.545150272887,18.4170521914751,19.4788767526258,20.1874312948429,24.8933553203578,24.8881135598444,24.8840748392536,18.4658506733844,19.5381681821125,20.2511126898373
run_0044,dry_003,dry,-1.75976179307295,-2.19,-1.38,sched_0012,1011,3,0.75,15.7258473670706,15.7258473670706,15.7258473670706,24.6477318679388,24.5948421082566,24.545150272887,18.4170521914751,19.4788767526258,20.1874312948429,24.8933553203578,24.8881135598444,24.8840748392536,24.9995558101451,24.9995555791648,24.9995554164575
run_0045,dry_003,dry,-1.75976179307295,-2.19,-1.38,sched_0013,1100,2,0.5,15.7258473670706,15.7258473670706,15.7258473670706,24.6477318679388,24.5948421082566,24.545150272887,24.9966766023649,24.9966676413635,24.9966613043829,18.4831276440411,19.5590933017719,20.2735266685773,17.4447198311432,18.247282628628,18.818622241718
run_0046,dry_003,dry,-1.75976179307295,-2.19,-1.38,sched_0014,1101,3,0.75,15.7258473670706,15.7258473670706,15.7258473670706,24.6477318679388,24.5948421082566,24.545150272887,24.9966766023649,24.9966676413635,24.9966613043829,18.4831276440411,19.5590933017719,20.2735266685773,24.8959944580449,24.8909937491069,24.8871484674405
run_0047,dry_003,dry,-1.75976179307295,-2.19,-1.38,sched_0015,1110,3,0.75,15.7258473670706,15.7258473670706,15.7258473670706,24.6477318679388,24.5948421082566,24.545150272887,24.9966766023649,24.9966676413635,24.9966613043829,24.9999972606462,24.9999972606237,24.999997260608,18.483647977338,19.5597230372219,20.2742002278851
run_0048,dry_003,dry,-1.75976179307295,-2.19,-1.38,sched_0016,1111,4,1,15.7258473670706,15.7258473670706,15.7258473670706,24.6477318679388,24.5948421082566,24.545150272887,24.9966766023649,24.9966676413635,24.9966613043829,24.9999972606462,24.9999972606237,24.999997260608,24.9999997855671,24.9999997855669,24.9999997855667
run_0049,dry_004,dry,-1.5148493368763,-2.19,-1.38,sched_0001,0000,0,0,16.8747839761206,16.8747839761206,16.8747839761206,16.5019860883114,16.8078395366752,16.8694983442108,16.3554599736964,16.6892230009572,16.8268930768586,16.258556587201,16.5875538244732,16.7615762754867,16.186205518527,16.5034763478951,16.6931683707856
run_0050,dry_004,dry,-1.5148493368763,-2.19,-1.38,sched_0002,0001,1,0.25,16.8747839761206,16.8747839761206,16.8747839761206,16.5019860883114,16.8078395366752,16.8694983442108,16.3554599736964,16.6892230009572,16.8268930768586,16.258556587201,16.5875538244732,16.7615762754867,24.7330587439072,24.7026493118028,24.6761132745595
run_0051,dry_004,dry,-1.5148493368763,-2.19,-1.38,sched_0003,0010,1,0.25,16.8747839761206,16.8747839761206,16.8747839761206,16.5019860883114,16.8078395366752,16.8694983442108,16.3554599736964,16.6892230009572,16.8268930768586,24.738571528483,24.7093850186114,24.6840308154839,18.4365913208348,19.5026548157719,20.2130075695514
run_0052,dry_004,dry,-1.5148493368763,-2.19,-1.38,sched_0004,0011,2,0.5,16.8747839761206,16.8747839761206,16.8747839761206,16.5019860883114,16.8078395366752,16.8694983442108,16.3554599736964,16.6892230009572,16.8268930768586,24.738571528483,24.7093850186114,24.6840308154839,24.9980141710514,24.9980106593624,24.9980081802101
run_0053,dry_004,dry,-1.5148493368763,-2.19,-1.38,sched_0005,0100,1,0.25,16.8747839761206,16.8747839761206,16.8747839761206,16.5019860883114,16.8078395366752,16.8694983442108,24.7441915330388,24.7162242489076,24.6920400790867,18.4377358422276,19.5040455815106,20.2145005589962,17.4283019819914,18.2257158979383,18.7939265810506
run_0054,dry_004,dry,-1.5148493368763,-2.19,-1.38,sched_0006,0101,2,0.5,16.8747839761206,16.8747839761206,16.8747839761206,16.5019860883114,16.8078395366752,16.8694983442108,24.7441915330388,24.7162242489076,24.6920400790867,18.4377358422276,19.5040455815106,20.2145005589962,24.8941891189235,24.8890241065188,24.8850470403566
run_0055,dry_004,dry,-1.5148493368763,-2.19,-1.38,sched_0007,0110,2,0.5,16.8747839761206,16.8747839761206,16.8747839761206,16.5019860883114,16.8078395366752,16.8694983442108,24.7441915330388,24.7162242489076,24.6920400790867,24.9980861114678,24.9980828276852,24.9980805096468,18.483356044469,19.5593699354494,20.2738303127192
run_0056,dry_004,dry,-1.5148493368763,-2.19,-1.38,sched_0008,0111,3,0.75,16.8747839761206,16.8747839761206,16.8747839761206,16.5019860883114,16.8078395366752,16.8694983442108,24.7441915330388,24.7162242489076,24.6920400790867,24.9980861114678,24.9980828276852,24.9980805096468,24.9999982584164,24.9999982584067,24.9999982583998
run_0057,dry_004,dry,-1.5148493368763,-2.19,-1.38,sched_0009,1000,1,0.25,16.8747839761206,16.8747839761206,16.8747839761206,24.7497784846451,24.7229959349019,24.6999407733743,18.4388658681831,19.5054177573608,20.2159732727908,17.4287138818017,18.2262572838925,18.7945468220966,16.981553963789,17.6302407739048,18.1036205181197
run_0058,dry_004,dry,-1.5148493368763,-2.19,-1.38,sched_0010,1001,2,0.5,16.8747839761206,16.8747839761206,16.8747839761206,24.7497784846451,24.7229959349019,24.6999407733743,18.4388658681831,19.5054177573608,20.2159732727908,17.4287138818017,18.2262572838925,18.7945468220966,24.8437855356052,24.8329941815386,24.8243614187643
run_0059,dry_004,dry,-1.5148493368763,-2.19,-1.38,sched_0011,1010,2,0.5,16.8747839761206,16.8747839761206,16.8747839761206,24.7497784846451,24.7229959349019,24.6999407733743,18.4388658681831,19.5054177573608,20.2159732727908,24.8942344598434,24.8890736059077,24.8850998788774,18.4659928321299,19.5383405219887,20.251297481455
run_0060,dry_004,dry,-1.5148493368763,-2.19,-1.38,sched_0012,1011,3,0.75,16.8747839761206,16.8747839761206,16.8747839761206,24.7497784846451,24.7229959349019,24.6999407733743,18.4388658681831,19.5054177573608,20.2159732727908,24.8942344598434,24.8890736059077,24.8850998788774,24.9995618731788,24.9995616478092,24.9995614890665
run_0061,dry_004,dry,-1.5148493368763,-2.19,-1.38,sched_0013,1100,2,0.5,16.8747839761206,16.8747839761206,16.8747839761206,24.7497784846451,24.7229959349019,24.6999407733743,24.9981564274109,24.9981533598267,24.9981511944706,18.4833576044285,19.5593716114909,20.2738239853965,17.4448022819508,18.2473908750686,18.8187461312997
run_0062,dry_004,dry,-1.5148493368763,-2.19,-1.38,sched_0014,1101,3,0.75,16.8747839761206,16.8747839761206,16.8747839761206,24.7497784846451,24.7229959349019,24.6999407733743,24.9981564274109,24.9981533598267,24.9981511944706,18.4833576044285,19.5593716114909,20.2738239853965,24.8960035218072,24.8910036312905,24.887159005375
run_0063,dry_004,dry,-1.5148493368763,-2.19,-1.38,sched_0015,1110,3,0.75,16.8747839761206,16.8747839761206,16.8747839761206,24.7497784846451,24.7229959349019,24.6999407733743,24.9981564274109,24.9981533598267,24.9981511944706,24.9999983048576,24.9999983048481,24.9999983048415,18.4836530719846,19.5597292038726,20.2742068050862
run_0064,dry_004,dry,-1.5148493368763,-2.19,-1.38,sched_0016,1111,4,1,16.8747839761206,16.8747839761206,16.8747839761206,24.7497784846451,24.7229959349019,24.6999407733743,24.9981564274109,24.9981533598267,24.9981511944706,24.9999983048576,24.9999983048481,24.9999983048415,24.9999998087238,24.9999998087236,24.9999998087234
run_0065,dry_005,dry,-1.38,-2.19,-1.38,sched_0001,0000,0,0,18.4629282783454,18.4629282783454,18.4629282783454,17.1881685904942,17.8286982224439,18.1808848227218,16.8251120014017,17.3929643676611,17.775037252831,16.6121505612804,17.1159456682145,17.4752928386267,16.4664587700765,16.9202673445288,17.2520562942816
run_0066,dry_005,dry,-1.38,-2.19,-1.38,sched_0002,0001,1,0.25,18.4629282783454,18.4629282783454,18.4629282783454,17.1881685904942,17.8286982224439,18.1808848227218,16.8251120014017,17.3929643676611,17.775037252831,16.6121505612804,17.1159456682145,17.4752928386267,24.7792147527277,24.7582310851679,24.7405867167563
run_0067,dry_005,dry,-1.38,-2.19,-1.38,sched_0003,0010,1,0.25,18.4629282783454,18.4629282783454,18.4629282783454,17.1881685904942,17.8286982224439,18.1808848227218,16.8251120014017,17.3929643676611,17.775037252831,24.7963543211173,24.7784099859348,24.7635223648652,18.4480340388645,19.5165541715217,20.2279299071111
run_0068,dry_005,dry,-1.38,-2.19,-1.38,sched_0004,0011,2,0.5,18.4629282783454,18.4629282783454,18.4629282783454,17.1881685904942,17.8286982224439,18.1808848227218,16.8251120014017,17.3929643676611,17.775037252831,24.7963543211173,24.7784099859348,24.7635223648652,24.9986965938971,24.9986949606464,24.998693808647
run_0069,dry_005,dry,-1.38,-2.19,-1.38,sched_0005,0100,1,0.25,18.4629282783454,18.4629282783454,18.4629282783454,17.1881685904942,17.8286982224439,18.1808848227218,24.8182473989451,24.8038319872794,24.7920728632229,18.4522049273006,19.5216173192023,20.2333636109725,17.4335642312107,18.2326311781775,18.8018478436258
run_0070,dry_005,dry,-1.38,-2.19,-1.38,sched_0006,0101,2,0.5,18.4629282783454,18.4629282783454,18.4629282783454,17.1881685904942,17.8286982224439,18.1808848227218,24.8182473989451,24.8038319872794,24.7920728632229,18.4522049273006,19.5216173192023,20.2333636109725,24.89476818595,24.8896561533551,24.8857216190349
run_0071,dry_005,dry,-1.38,-2.19,-1.38,sched_0007,0110,2,0.5,18.4629282783454,18.4629282783454,18.4629282783454,17.1881685904942,17.8286982224439,18.1808848227218,24.8182473989451,24.8038319872794,24.7920728632229,24.9989222666179,24.9989211102224,24.9989202949959,18.4834759848789,19.5595148264219,20.2739702183114
run_0072,dry_005,dry,-1.38,-2.19,-1.38,sched_0008,0111,3,0.75,18.4629282783454,18.4629282783454,18.4629282783454,17.1881685904942,17.8286982224439,18.1808848227218,24.8182473989451,24.8038319872794,24.7920728632229,24.9989222666179,24.9989211102224,24.9989202949959,24.9999987994134,24.9999987994098,24.9999987994062
run_0073,dry_005,dry,-1.38,-2.19,-1.38,sched_0009,1000,1,0.25,18.4629282783454,18.4629282783454,18.4629282783454,24.8443565482132,24.8336402317847,24.8250711978109,18.4570642821592,19.5275132792818,20.2396895109413,17.4353247902582,18.234944199436,18.8044967566432,16.9850792185872,17.6350014165532,18.1092003129444
run_0074,dry_005,dry,-1.38,-2.19,-1.38,sched_0010,1001,2,0.5,18.4629282783454,18.4629282783454,18.4629282783454,24.8443565482132,24.8336402317847,24.8250711978109,18.4570642821592,19.5275132792818,20.2396895109413,17.4353247902582,18.234944199436,18.8044967566432,24.8441953425874,24.833457866967,24.8248708665457
run_0075,dry_005,dry,-1.38,-2.19,-1.38,sched_0011,1010,2,0.5,18.4629282783454,18.4629282783454,18.4629282783454,24.8443565482132,24.8336402317847,24.8250711978109,18.4570642821592,19.5275132792818,20.2396895109413,24.8949620278168,24.8898676595409,24.8859472996705,18.4661202314804,19.5384949713223,20.251462996948
run_0076,dry_005,dry,-1.38,-2.19,-1.38,sched_0012,1011,3,0.75,18.4629282783454,18.4629282783454,18.4629282783454,24.8443565482132,24.8336402317847,24.8250711978109,18.4570642821592,19.5275132792818,20.2396895109413,24.8949620278168,24.8898676595409,24.8859472996705,24.9995668676535,24.999566646913,24.9995664914436
run_0077,dry_005,dry,-1.38,-2.19,-1.38,sched_0013,1100,2,0.5,18.4629282783454,18.4629282783454,18.4629282783454,24.8443565482132,24.8336402317847,24.8250711978109,24.9991676205059,24.9991668974309,24.9991663877925,18.4835234346509,19.5595723655443,20.2740414287126,17.4448617554639,18.247468957389,18.8188355010008
run_0078,dry_005,dry,-1.38,-2.19,-1.38,sched_0014,1101,3,0.75,18.4629282783454,18.4629282783454,18.4629282783454,24.8443565482132,24.8336402317847,24.8250711978109,24.9991676205059,24.9991668974309,24.9991663877925,18.4835234346509,19.5595723655443,20.2740414287126,24.8960100698594,24.8910107760435,24.8871666321429
run_0079,dry_005,dry,-1.38,-2.19,-1.38,sched_0015,1110,3,0.75,18.4629282783454,18.4629282783454,18.4629282783454,24.8443565482132,24.8336402317847,24.8250711978109,24.9991676205059,24.9991668974309,24.9991663877925,24.9999989579214,24.9999989579174,24.9999989579146,18.4836497452609,19.5597251564393,20.2742030587321
run_0080,dry_005,dry,-1.38,-2.19,-1.38,sched_0016,1111,4,1,18.4629282783454,18.4629282783454,18.4629282783454,24.8443565482132,24.8336402317847,24.8250711978109,24.9991676205059,24.9991668974309,24.9991663877925,24.9999989579214,24.9999989579174,24.9999989579146,24.999999832483,24.9999998324829,24.9999998324828
run_0081,medium_001,medium,-1.35,-1.35,-1.25,sched_0001,0000,0,0,18.9447832603153,18.9447832603153,18.9447832603153,17.3405128913976,18.0493919949458,18.473942248947,16.9161392795557,17.5249706078859,17.9481361686926,16.6743678348996,17.205602285357,17.5903669570802,16.5122291551768,16.9858305404861,17.3349388346615
run_0082,medium_001,medium,-1.35,-1.35,-1.25,sched_0002,0001,1,0.25,18.9447832603153,18.9447832603153,18.9447832603153,17.3405128913976,18.0493919949458,18.473942248947,16.9161392795557,17.5249706078859,17.9481361686926,16.6743678348996,17.205602285357,17.5903669570802,24.7857556160107,24.7659607702952,24.7494013669674
run_0083,medium_001,medium,-1.35,-1.35,-1.25,sched_0003,0010,1,0.25,18.9447832603153,18.9447832603153,18.9447832603153,17.3405128913976,18.0493919949458,18.473942248947,16.9161392795557,17.5249706078859,17.9481361686926,24.8052770595674,24.788818471995,24.7752577262149,18.4497438231583,19.5186299769443,20.2301578355701
run_0084,medium_001,medium,-1.35,-1.35,-1.25,sched_0004,0011,2,0.5,18.9447832603153,18.9447832603153,18.9447832603153,17.3405128913976,18.0493919949458,18.473942248947,16.9161392795557,17.5249706078859,17.9481361686926,24.8052770595674,24.788818471995,24.7752577262149,24.9987907473106,24.9987893221587,24.9987883170372
run_0085,medium_001,medium,-1.35,-1.35,-1.25,sched_0005,0100,1,0.25,18.9447832603153,18.9447832603153,18.9447832603153,17.3405128913976,18.0493919949458,18.473942248947,24.8314681157334,24.8189944754398,24.8089218320136,18.4546855597495,19.5246298010768,20.2365840107713,17.4344637483667,18.2338129989015,18.803201321285
run_0086,medium_001,medium,-1.35,-1.35,-1.25,sched_0006,0101,2,0.5,18.9447832603153,18.9447832603153,18.9447832603153,17.3405128913976,18.0493919949458,18.473942248947,24.8314681157334,24.8189944754398,24.8089218320136,18.4546855597495,19.5246298010768,20.2365840107713,24.8948671631409,24.8897641610358,24.8858368633953
run_0087,medium_001,medium,-1.35,-1.35,-1.25,sched_0007,0110,2,0.5,18.9447832603153,18.9447832603153,18.9447832603153,17.3405128913976,18.0493919949458,18.473942248947,24.8314681157334,24.8189944754398,24.8089218320136,24.9990497636845,24.9990488439878,24.9990481956442,18.4835008853304,19.5595449907032,20.274009262159
run_0088,medium_001,medium,-1.35,-1.35,-1.25,sched_0008,0111,3,0.75,18.9447832603153,18.9447832603153,18.9447832603153,17.3405128913976,18.0493919949458,18.473942248947,24.8314681157334,24.8189944754398,24.8089218320136,24.9990497636845,24.9990488439878,24.9990481956442,24.9999988814164,24.999998881412,24.9999988814089
run_0089,medium_001,medium,-1.35,-1.35,-1.25,sched_0009,1000,1,0.25,18.9447832603153,18.9447832603153,18.9447832603153,24.8653620199475,24.8572254144659,24.8508219931227,18.4608849608614,19.5321479329171,20.2446597812122,17.4367072089381,18.2367602187965,18.8065762930117,16.9858152335519,17.6359952358097,18.1103650070525
run_0090,medium_001,medium,-1.35,-1.35,-1.25,sched_0010,1001,2,0.5,18.9447832603153,18.9447832603153,18.9447832603153,24.8653620199475,24.8572254144659,24.8508219931227,18.4608849608614,19.5321479329171,20.2446597812122,17.4367072089381,18.2367602187965,18.8065762930117,24.844281081477,24.8335548786367,24.8249774874671
run_0091,medium_001,medium,-1.35,-1.35,-1.25,sched_0011,1010,2,0.5,18.9447832603153,18.9447832603153,18.9447832603153,24.8653620199475,24.8572254144659,24.8508219931227,18.4608849608614,19.5321479329171,20.2446597812122,24.8951138837842,24.8900333544092,24.8861240840273,18.4661467897867,19.5385271615367,20.2514974983335
run_0092,medium_001,medium,-1.35,-1.35,-1.25,sched_0012,1011,3,0.75,18.9447832603153,18.9447832603153,18.9447832603153,24.8653620199475,24.8572254144659,24.8508219931227,18.4608849608614,19.5321479329171,20.2446597812122,24.8951138837842,24.8900333544092,24.8861240840273,24.9995679073045,24.9995676875252,24.9995675327332
run_0093,medium_001,medium,-1.35,-1.35,-1.25,sched_0013,1100,2,0.5,18.9447832603153,18.9447832603153,18.9447832603153,24.8653620199475,24.8572254144659,24.8508219931227,24.9993458577855,24.9993453910733,24.999345062216,18.4835447542149,19.5595981100964,20.2740663567245,17.4448693919885,18.2474789819381,18.8188469721905
run_0094,medium_001,medium,-1.35,-1.35,-1.25,sched_0014,1101,3,0.75,18.9447832603153,18.9447832603153,18.9447832603153,24.8653620199475,24.8572254144659,24.8508219931227,24.9993458577855,24.9993453910733,24.999345062216,18.4835447542149,19.5595981100964,20.2740663567245,24.8960108577193,24.8910116454835,24.887167590376
run_0095,medium_001,medium,-1.35,-1.35,-1.25,sched_0015,1110,3,0.75,18.9447832603153,18.9447832603153,18.9447832603153,24.8653620199475,24.8572254144659,24.8508219931227,24.9993458577855,24.9993453910733,24.999345062216,24.999999076052,24.9999990760489,24.9999990760467,18.4836513458068,19.5597270944544,20.2742045193118
run_0096,medium_001,medium,-1.35,-1.35,-1.25,sched_0016,1111,4,1,18.9447832603153,18.9447832603153,18.9447832603153,24.8653620199475,24.8572254144659,24.8508219931227,24.9993458577855,24.9993453910733,24.999345062216,24.999999076052,24.9999990760489,24.9999990760467,24.9999998384285,24.9999998384284,24.9999998384283
run_0097,medium_002,medium,-1.30428502487592,-1.35,-1.25,sched_0001,0000,0,0,19.7550535742679,19.7550535742679,19.7550535742679,17.5594724832657,18.3602084644256,18.8790952504409,17.0384976181055,17.6989346307151,18.169379801945,16.7543677939583,17.3188642140822,17.7318450912182,16.569301912035,17.0664088198703,17.434603984942
run_0098,medium_002,medium,-1.30428502487592,-1.35,-1.25,sched_0002,0001,1,0.25,19.7550535742679,19.7550535742679,19.7550535742679,17.5594724832657,18.3602084644256,18.8790952504409,17.0384976181055,17.6989346307151,18.169379801945,16.7543677939583,17.3188642140822,17.7318450912182,24.7935236394871,24.7750942119719,24.7597703817228
run_0099,medium_002,medium,-1.30428502487592,-1.35,-1.25,sched_0003,0010,1,0.25,19.7550535742679,19.7550535742679,19.7550535742679,17.5594724832657,18.3602084644256,18.8790952504409,17.0384976181055,17.6989346307151,18.169379801945,24.8160845779409,24.8013380064563,24.7892887163811,18.4517940574464,19.5211186594399,20.2328284769941
run_0100,medium_002,medium,-1.30428502487592,-1.35,-1.25,sched_0004,0011,2,0.5,19.7550535742679,19.7550535742679,19.7550535742679,17.5594724832657,18.3602084644256,18.8790952504409,17.0384976181055,17.6989346307151,18.169379801945,24.8160845779409,24.8013380064563,24.7892887163811,24.9989007758428,24.9988995774685,24.9988987324932
run_0101,medium_002,medium,-1.30428502487592,-1.35,-1.25,sched_0005,0100,1,0.25,19.7550535742679,19.7550535742679,19.7550535742679,17.5594724832657,18.3602084644256,18.8790952504409,24.848156081853,24.8379324241308,24.8297809350301,18.4577619505446,19.5283584273546,20.2405915388854,17.4355783292373,18.2352772775509,18.8048781840695
run_0102,medium_002,medium,-1.30428502487592,-1.35,-1.25,sched_0006,0101,2,0.5,19.7550535742679,19.7550535742679,19.7550535742679,17.5594724832657,18.3602084644256,18.8790952504409,24.848156081853,24.8379324241308,24.8297809350301,18.4577619505446,19.5283584273546,20.2405915388854,24.8949898047014,24.8898979690462,24.885979636861
run_0103,medium_002,medium,-1.30428502487592,-1.35,-1.25,sched_0007,0110,2,0.5,19.7550535742679,19.7550535742679,19.7550535742679,17.5594724832657,18.3602084644256,18.8790952504409,24.848156081853,24.8379324241308,24.8297809350301,24.9992011379805,24.9992004669423,24.9991999940065,18.4835235344205,19.5595723667406,20.2740350437442
run_0104,medium_002,medium,-1.30428502487592,-1.35,-1.25,sched_0008,0111,3,0.75,19.7550535742679,19.7550535742679,19.7550535742679,17.5594724832657,18.3602084644256,18.8790952504409,24.848156081853,24.8379324241308,24.8297809350301,24.9992011379805,24.9992004669423,24.9991999940065,24.9999989798561,24.9999989798517,24.9999989798487
run_0105,medium_002,medium,-1.30428502487592,-1.35,-1.25,sched_0009,1000,1,0.25,19.7550535742679,19.7550535742679,19.7550535742679,24.8951278638901,24.8900486038003,24.8861403485423,18.4661492332533,19.5385301232086,20.2515006725844,17.4386089175499,18.2392581245364,18.8094363879698,16.986827074383,17.6373614270611,18.1119660295684
run_0106,medium_002,medium,-1.30428502487592,-1.35,-1.25,sched_0010,1001,2,0.5,19.7550535742679,19.7550535742679,19.7550535742679,24.8951278638901,24.8900486038003,24.8861403485423,18.4661492332533,19.5385301232086,20.2515006725844,17.4386089175499,18.2392581245364,18.8094363879698,24.8443985177061,24.8336877108868,24.8251233857511
run_0107,medium_002,medium,-1.30428502487592,-1.35,-1.25,sched_0011,1010,2,0.5,19.7550535742679,19.7550535742679,19.7550535742679,24.8951278638901,24.8900486038003,24.8861403485423,18.4661492332533,19.5385301232086,20.2515006725844,24.8953230284284,24.8902615099953,24.8863674917163,18.4661833545903,19.5385715384208,20.2515450995968
run_0108,medium_002,medium,-1.30428502487592,-1.35,-1.25,sched_0012,1011,3,0.75,19.7550535742679,19.7550535742679,19.7550535742679,24.8951278638901,24.8900486038003,24.8861403485423,18.4661492332533,19.5385301232086,20.2515006725844,24.8953230284284,24.8902615099953,24.8863674917163,24.9995693394128,24.999569120973,24.999568967113
run_0109,medium_002,medium,-1.30428502487592,-1.35,-1.25,sched_0013,1100,2,0.5,19.7550535742679,19.7550535742679,19.7550535742679,24.8951278638901,24.8900486038003,24.8861403485423,24.9995680100334,24.9995677902103,24.9995676356266,18.4835809022142,19.5596418180168,20.2741127829314,17.4448823573043,18.2474960045543,18.8188664564275
run_0110,medium_002,medium,-1.30428502487592,-1.35,-1.25,sched_0014,1101,3,0.75,19.7550535742679,19.7550535742679,19.7550535742679,24.8951278638901,24.8900486038003,24.8861403485423,24.9995680100334,24.9995677902103,24.9995676356266,18.4835809022142,19.5596418180168,20.2741127829314,24.8960122830382,24.8910131994919,24.887169247468
run_0111,medium_002,medium,-1.30428502487592,-1.35,-1.25,sched_0015,1110,3,0.75,19.7550535742679,19.7550535742679,19.7550535742679,24.8951278638901,24.8900486038003,24.8861403485423,24.9995680100334,24.9995677902103,24.9995676356266,24.9999992318193,24.999999231817,24.9999992318154,18.4836481807715,19.5597232893334,20.2742004875259
run_0112,medium_002,medium,-1.30428502487592,-1.35,-1.25,sched_0016,1111,4,1,19.7550535742679,19.7550535742679,19.7550535742679,24.8951278638901,24.8900486038003,24.8861403485423,24.9995680100334,24.9995677902103,24.9995676356266,24.9999992318193,24.999999231817,24.9999992318154,24.9999998476073,24.9999998476072,24.9999998476071
run_0113,medium_003,medium,-1.28538597875617,-1.35,-1.25,sched_0001,0000,0,0,20.1098872450787,20.1098872450787,20.1098872450787,17.643852920729,18.4776793166752,19.0284109757567,17.082927477308,17.7610011750298,18.2462537739966,16.7823479163873,17.3579450526975,17.7797024973684,16.5887839804071,17.0936398771734,17.4677968176112
run_0114,medium_003,medium,-1.28538597875617,-1.35,-1.25,sched_0002,0001,1,0.25,20.1098872450787,20.1098872450787,20.1098872450787,17.643852920729,18.4776793166752,19.0284109757567,17.082927477308,17.7610011750298,18.2462537739966,16.7823479163873,17.3579450526975,17.7797024973684,24.7960893329515,24.7780998707585,24.7631717346833
run_0115,medium_003,medium,-1.28538597875617,-1.35,-1.25,sched_0003,0010,1,0.25,20.1098872450787,20.1098872450787,20.1098872450787,17.643852920729,18.4776793166752,19.0284109757567,17.082927477308,17.7610011750298,18.2462537739966,24.8197028232947,24.8055081152277,24.7939419634117,18.4524758290279,19.5219461185891,20.2337163324602
run_0116,medium_003,medium,-1.28538597875617,-1.35,-1.25,sched_0004,0011,2,0.5,20.1098872450787,20.1098872450787,20.1098872450787,17.643852920729,18.4776793166752,19.0284109757567,17.082927477308,17.7610011750298,18.2462537739966,24.8197028232947,24.8055081152277,24.7939419634117,24.9989366242192,24.9989354958902,24.998934700364
run_0117,medium_003,medium,-1.28538597875617,-1.35,-1.25,sched_0005,0100,1,0.25,20.1098872450787,20.1098872450787,20.1098872450787,17.643852920729,18.4776793166752,19.0284109757567,24.8539004002728,24.8443996990243,24.8368575523937,18.4588109423159,19.5296277026726,20.2419454433399,17.435960451923,18.2357792654038,18.8054530260934
run_0118,medium_003,medium,-1.28538597875617,-1.35,-1.25,sched_0006,0101,2,0.5,20.1098872450787,20.1098872450787,20.1098872450787,17.643852920729,18.4776793166752,19.0284109757567,24.8539004002728,24.8443996990243,24.8368575523937,18.4588109423159,19.5296277026726,20.2419454433399,24.8950312886106,24.8899432409037,24.8860279232919
run_0119,medium_003,medium,-1.28538597875617,-1.35,-1.25,sched_0007,0110,2,0.5,20.1098872450787,20.1098872450787,20.1098872450787,17.643852920729,18.4776793166752,19.0284109757567,24.8539004002728,24.8443996990243,24.8368575523937,24.9992507484455,24.9992501511594,24.9992497302413,18.4835357882223,19.5595873547228,20.2740533049514
run_0120,medium_003,medium,-1.28538597875617,-1.35,-1.25,sched_0008,0111,3,0.75,20.1098872450787,20.1098872450787,20.1098872450787,17.643852920729,18.4776793166752,19.0284109757567,24.8539004002728,24.8443996990243,24.8368575523937,24.9992507484455,24.9992501511594,24.9992497302413,24.9999990125429,24.9999990125393,24.9999990125368
run_0121,medium_003,medium,-1.28538597875617,-1.35,-1.25,sched_0009,1000,1,0.25,20.1098872450787,20.1098872450787,20.1098872450787,24.9063996649078,24.9022958970565,24.8991651879564,18.4681242753238,19.5409276044108,20.2540750632806,17.439323821628,18.2401970679362,18.8105113869851,16.9872072573977,17.6378747305618,18.1125675416569
run_0122,medium_003,medium,-1.28538597875617,-1.35,-1.25,sched_0010,1001,2,0.5,20.1098872450787,20.1098872450787,20.1098872450787,24.9063996649078,24.9022958970565,24.8991651879564,18.4681242753238,19.5409276044108,20.2540750632806,17.439323821628,18.2401970679362,18.8105113869851,24.8444430693264,24.8337381114014,24.8251787512276
run_0123,medium_003,medium,-1.28538597875617,-1.35,-1.25,sched_0011,1010,2,0.5,20.1098872450787,20.1098872450787,20.1098872450787,24.9063996649078,24.9022958970565,24.8991651879564,18.4681242753238,19.5409276044108,20.2540750632806,24.8954014075499,24.8903470098022,24.8864587041501,18.4661970566975,19.5385881482517,20.2515628995835
run_0124,medium_003,medium,-1.28538597875617,-1.35,-1.25,sched_0012,1011,3,0.75,20.1098872450787,20.1098872450787,20.1098872450787,24.9063996649078,24.9022958970565,24.8991651879564,18.4681242753238,19.5409276044108,20.2540750632806,24.8954014075499,24.8903470098022,24.8864587041501,24.9995698794215,24.9995696615321,24.9995695080592
run_0125,medium_003,medium,-1.28538597875617,-1.35,-1.25,sched_0013,1100,2,0.5,20.1098872450787,20.1098872450787,20.1098872450787,24.9063996649078,24.9022958970565,24.8991651879564,24.9996423755945,24.9996422196669,24.9996421098973,18.4835863919692,19.559648676728,20.2741217384073,17.4448843215612,18.2474985832349,18.8188694080721
run_0126,medium_003,medium,-1.28538597875617,-1.35,-1.25,sched_0014,1101,3,0.75,20.1098872450787,20.1098872450787,20.1098872450787,24.9063996649078,24.9022958970565,24.8991651879564,24.9996423755945,24.9996422196669,24.9996421098973,18.4835863919692,19.559648676728,20.2741217384073,24.89601249891,24.8910134348543,24.8871694984428
run_0127,medium_003,medium,-1.28538597875617,-1.35,-1.25,sched_0015,1110,3,0.75,20.1098872450787,20.1098872450787,20.1098872450787,24.9063996649078,24.9022958970565,24.8991651879564,24.9996423755945,24.9996422196669,24.9996421098973,24.9999992880079,24.9999992880059,24.9999992880045,18.4836418689937,19.5597155636466,20.274188555663
run_0128,medium_003,medium,-1.28538597875617,-1.35,-1.25,sched_0016,1111,4,1,20.1098872450787,20.1098872450787,20.1098872450787,24.9063996649078,24.9022958970565,24.8991651879564,24.9996423755945,24.9996422196669,24.9996421098973,24.9999992880079,24.9999992880059,24.9999992880045,24.9999998513979,24.9999998513978,24.9999998513977
run_0129,medium_004,medium,-1.27616649892924,-1.35,-1.25,sched_0001,0000,0,0,20.2856720697949,20.2856720697949,20.2856720697949,17.6835302223505,18.5324158434908,19.0970887407253,17.1032855899313,17.7892381054669,18.2808707238556,16.7949765647596,17.3754986194999,17.8010513850016,16.5974963259502,17.1057769435097,17.4825211989073
run_0130,medium_004,medium,-1.27616649892924,-1.35,-1.25,sched_0002,0001,1,0.25,20.2856720697949,20.2856720697949,20.2856720697949,17.6835302223505,18.5324158434908,19.0970887407253,17.1032855899313,17.7892381054669,18.2808707238556,16.7949765647596,17.3754986194999,17.8010513850016,24.7972237652916,24.7794270942835,24.7646719690786
run_0131,medium_004,medium,-1.27616649892924,-1.35,-1.25,sched_0003,0010,1,0.25,20.2856720697949,20.2856720697949,20.2856720697949,17.6835302223505,18.5324158434908,19.0970887407253,17.1032855899313,17.7892381054669,18.2808707238556,24.8213105921165,24.807357687105,24.7960025786752,18.4527810167035,19.5223164971731,20.2341137761802
run_0132,medium_004,medium,-1.27616649892924,-1.35,-1.25,sched_0004,0011,2,0.5,20.2856720697949,20.2856720697949,20.2856720697949,17.6835302223505,18.5324158434908,19.0970887407253,17.1032855899313,17.7892381054669,18.2808707238556,24.8213105921165,24.807357687105,24.7960025786752,24.9989523978484,24.9989512997313,24.9989505255282
run_0133,medium_004,medium,-1.27616649892924,-1.35,-1.25,sched_0005,0100,1,0.25,20.2856720697949,20.2856720697949,20.2856720697949,17.6835302223505,18.5324158434908,19.0970887407253,24.8564785619271,24.8472937929202,24.8400167179946,18.4592819471577,19.5302055104295,20.2425977586415,17.4361309368535,18.2360032209278,18.8057094746151
run_0134,medium_004,medium,-1.27616649892924,-1.35,-1.25,sched_0006,0101,2,0.5,20.2856720697949,20.2856720697949,20.2856720697949,17.6835302223505,18.5324158434908,19.0970887407253,24.8564785619271,24.8472937929202,24.8400167179946,18.4592819471577,19.5302055104295,20.2425977586415,24.8950500298002,24.8899636884816,24.8860497400178
run_0135,medium_004,medium,-1.27616649892924,-1.35,-1.25,sched_0007,0110,2,0.5,20.2856720697949,20.2856720697949,20.2856720697949,17.6835302223505,18.5324158434908,19.0970887407253,24.8564785619271,24.8472937929202,24.8400167179946,24.9992725957349,24.9992720297522,24.9992716308985,18.4835294766488,19.5595796101017,20.2740467373775
run_0136,medium_004,medium,-1.27616649892924,-1.35,-1.25,sched_0008,0111,3,0.75,20.2856720697949,20.2856720697949,20.2856720697949,17.6835302223505,18.5324158434908,19.0970887407253,24.8564785619271,24.8472937929202,24.8400167179946,24.9992725957349,24.9992720297522,24.9992716308985,24.999999027019,24.9999990270156,24.9999990270131
run_0137,medium_004,medium,-1.27616649892924,-1.35,-1.25,sched_0009,1000,1,0.25,20.2856720697949,20.2856720697949,20.2856720697949,24.9116514907543,24.9079680311353,24.9051692063596,18.4690313630906,19.5420202847833,20.2552272398763,17.439650921789,18.2406266607889,18.8110032144032,16.9873811725166,17.6381095381424,18.1128426960642
run_0138,medium_004,medium,-1.27616649892924,-1.35,-1.25,sched_0010,1001,2,0.5,20.2856720697949,20.2856720697949,20.2856720697949,24.9116514907543,24.9079680311353,24.9051692063596,18.4690313630906,19.5420202847833,20.2552272398763,17.439650921789,18.2406266607889,18.8110032144032,24.8444630048668,24.833760653471,24.8252035117907
run_0139,medium_004,medium,-1.27616649892924,-1.35,-1.25,sched_0011,1010,2,0.5,20.2856720697949,20.2856720697949,20.2856720697949,24.9116514907543,24.9079680311353,24.9051692063596,18.4690313630906,19.5420202847833,20.2552272398763,24.8954373658545,24.89038622984,24.8865005341197,18.4662029941543,19.5385952674061,20.251570493634
run_0140,medium_004,medium,-1.27616649892924,-1.35,-1.25,sched_0012,1011,3,0.75,20.2856720697949,20.2856720697949,20.2856720697949,24.9116514907543,24.9079680311353,24.9051692063596,18.4690313630906,19.5420202847833,20.2552272398763,24.8954373658545,24.89038622984,24.8865005341197,24.9995701185777,24.9995699008363,24.9995697474804
run_0141,medium_004,medium,-1.27616649892924,-1.35,-1.25,sched_0013,1100,2,0.5,20.2856720697949,20.2856720697949,20.2856720697949,24.9116514907543,24.9079680311353,24.9051692063596,24.9996751067138,24.9996749760751,24.9996748837875,18.4836091609769,19.559676091504,20.2741499767588,17.4448924886516,18.2475093056324,18.8188816799416
run_0142,medium_004,medium,-1.27616649892924,-1.35,-1.25,sched_0014,1101,3,0.75,20.2856720697949,20.2856720697949,20.2856720697949,24.9116514907543,24.9079680311353,24.9051692063596,24.9996751067138,24.9996749760751,24.9996748837875,18.4836091609769,19.559676091504,20.2741499767588,24.8960133968143,24.8910144138279,24.8871705423548
run_0143,medium_004,medium,-1.27616649892924,-1.35,-1.25,sched_0015,1110,3,0.75,20.2856720697949,20.2856720697949,20.2856720697949,24.9116514907543,24.9079680311353,24.9051692063596,24.9996751067138,24.9996749760751,24.9996748837875,24.9999993137829,24.9999993137809,24.9999993137796,18.4836542115637,19.5597305774351,20.2742084786756
run_0144,medium_004,medium,-1.27616649892924,-1.35,-1.25,sched_0016,1111,4,1,20.2856720697949,20.2856720697949,20.2856720697949,24.9116514907543,24.9079680311353,24.9051692063596,24.9996751067138,24.9996749760751,24.9996748837875,24.9999993137829,24.9999993137809,24.9999993137796,24.9999998532417,24.9999998532416,24.9999998532416
run_0145,medium_005,medium,-1.25,-1.35,-1.25,sched_0001,0000,0,0,20.7893815946613,20.7893815946613,20.7893815946613,17.7904992065827,18.6782531905459,19.2770205843421,17.1564516796563,17.8623892479501,18.3695537848065,16.8273914675501,17.4203273884962,17.8551925218106,16.619632182616,17.1365111351875,17.5196334127266
run_0146,medium_005,medium,-1.25,-1.35,-1.25,sched_0002,0001,1,0.25,20.7893815946613,20.7893815946613,20.7893815946613,17.7904992065827,18.6782531905459,19.2770205843421,17.1564516796563,17.8623892479501,18.3695537848065,16.8273914675501,17.4203273884962,17.8551925218106,24.8000752567305,24.7827584892732,24.768433025705
run_0147,medium_005,medium,-1.25,-1.35,-1.25,sched_0003,0010,1,0.25,20.7893815946613,20.7893815946613,20.7893815946613,17.7904992065827,18.6782531905459,19.2770205843421,17.1564516796563,17.8623892479501,18.3695537848065,24.8253739066013,24.8120227697589,24.8011911781935,18.4535425530481,19.5232406746486,20.2351052741163
run_0148,medium_005,medium,-1.25,-1.35,-1.25,sched_0004,0011,2,0.5,20.7893815946613,20.7893815946613,20.7893815946613,17.7904992065827,18.6782531905459,19.2770205843421,17.1564516796563,17.8623892479501,18.3695537848065,24.8253739066013,24.8120227697589,24.8011911781935,24.998991813712,24.9989907895754,24.9989900675519
run_0149,medium_005,medium,-1.25,-1.35,-1.25,sched_0005,0100,1,0.25,20.7893815946613,20.7893815946613,20.7893815946613,17.7904992065827,18.6782531905459,19.2770205843421,24.8630585957599,24.8546562235574,24.8480321151667,18.4604686037868,19.5316427570333,20.2441187830061,17.4365603814605,18.2365673500916,18.8063554512637
run_0150,medium_005,medium,-1.25,-1.35,-1.25,sched_0006,0101,2,0.5,20.7893815946613,20.7893815946613,20.7893815946613,17.7904992065827,18.6782531905459,19.2770205843421,24.8630585957599,24.8546562235574,24.8480321151667,18.4604686037868,19.5316427570333,20.2441187830061,24.8950973266151,24.890015290556,24.8861048117127
run_0151,medium_005,medium,-1.25,-1.35,-1.25,sched_0007,0110,2,0.5,20.7893815946613,20.7893815946613,20.7893815946613,17.7904992065827,18.6782531905459,19.2770205843421,24.8630585957599,24.8546562235574,24.8480321151667,24.999327161393,24.9993266701646,24.9993263240506,18.4835369663524,19.5595886905796,20.274057156873
run_0152,medium_005,medium,-1.25,-1.35,-1.25,sched_0008,0111,3,0.75,20.7893815946613,20.7893815946613,20.7893815946613,17.7904992065827,18.6782531905459,19.2770205843421,24.8630585957599,24.8546562235574,24.8480321151667,24.999327161393,24.9993266701646,24.9993263240506,24.9999990634569,24.9999990634537,24.9999990634514
run_0153,medium_005,medium,-1.25,-1.35,-1.25,sched_0009,1000,1,0.25,20.7893815946613,20.7893815946613,20.7893815946613,24.9256319912275,24.9229611458489,24.9209534220642,18.4714238107435,19.5449203856202,20.258348168844,17.4405131277643,18.2417589824948,18.8122995305994,16.9878394904163,17.638728314856,18.1135677859275
run_0154,medium_005,medium,-1.25,-1.35,-1.25,sched_0010,1001,2,0.5,20.7893815946613,20.7893815946613,20.7893815946613,24.9256319912275,24.9229611458489,24.9209534220642,18.4714238107435,19.5449203856202,20.258348168844,17.4405131277643,18.2417589824948,18.8122995305994,24.8445162857317,24.8338209141116,24.8252696764638
run_0155,medium_005,medium,-1.25,-1.35,-1.25,sched_0011,1010,2,0.5,20.7893815946613,20.7893815946613,20.7893815946613,24.9256319912275,24.9229611458489,24.9209534220642,18.4714238107435,19.5449203856202,20.258348168844,24.8955320763388,24.8904895309459,24.8866107189596,18.4662195443776,19.538615328812,20.2515919925364
run_0156,medium_005,medium,-1.25,-1.35,-1.25,sched_0012,1011,3,0.75,20.7893815946613,20.7893815946613,20.7893815946613,24.9256319912275,24.9229611458489,24.9209534220642,18.4714238107435,19.5449203856202,20.258348168844,24.8955320763388,24.8904895309459,24.8866107189596,24.9995707651302,24.9995705479832,24.999570395046
run_0157,medium_005,medium,-1.25,-1.35,-1.25,sched_0013,1100,2,0.5,20.7893815946613,20.7893815946613,20.7893815946613,24.9256319912275,24.9229611458489,24.9209534220642,24.9997560611228,24.99975598331,24.9997559285058,18.4836017368898,19.5596671071438,20.2741407843163,17.444889822096,18.2475058046371,18.8188776727606
run_0158,medium_005,medium,-1.25,-1.35,-1.25,sched_0014,1101,3,0.75,20.7893815946613,20.7893815946613,20.7893815946613,24.9256319912275,24.9229611458489,24.9209534220642,24.9997560611228,24.99975598331,24.9997559285058,18.4836017368898,19.5596671071438,20.2741407843163,24.896013103904,24.8910140944715,24.8871702018146
run_0159,medium_005,medium,-1.25,-1.35,-1.25,sched_0015,1110,3,0.75,20.7893815946613,20.7893815946613,20.7893815946613,24.9256319912275,24.9229611458489,24.9209534220642,24.9997560611228,24.99975598331,24.9997559285058,24.9999993814667,24.9999993814652,24.9999993814642,18.4836444467834,19.5597187482546,20.2741957953919
run_0160,medium_005,medium,-1.25,-1.35,-1.25,sched_0016,1111,4,1,20.7893815946613,20.7893815946613,20.7893815946613,24.9256319912275,24.9229611458489,24.9209534220642,24.9997560611228,24.99975598331,24.9997559285058,24.9999993814667,24.9999993814652,24.9999993814642,24.9999998584377,24.9999998584376,24.9999998584375
run_0161,wet_001,wet,-1.24,-1.24,-1,sched_0001,0000,0,0,20.9820817349437,20.9820817349437,20.9820817349437,17.8290917053696,18.7302125345086,19.3400075391048,17.1750159966213,17.8877363367026,18.3999628135282,16.8385195528661,17.4356465273046,17.8735780427643,16.6271572751435,17.1469282582513,17.5321608543988
run_0162,wet_001,wet,-1.24,-1.24,-1,sched_0002,0001,1,0.25,20.9820817349437,20.9820817349437,20.9820817349437,17.8290917053696,18.7302125345086,19.3400075391048,17.1750159966213,17.8877363367026,18.3999628135282,16.8385195528661,17.4356465273046,17.8735780427643,24.801035127173,24.7838783924286,24.7696958846772
run_0163,wet_001,wet,-1.24,-1.24,-1,sched_0003,0010,1,0.25,20.9820817349437,20.9820817349437,20.9820817349437,17.8290917053696,18.7302125345086,19.3400075391048,17.1750159966213,17.8877363367026,18.3999628135282,24.8267491471889,24.813598650385,24.8029410586538,18.4537996196241,19.5235526313018,20.2354399234199
run_0164,wet_001,wet,-1.24,-1.24,-1,sched_0004,0011,2,0.5,20.9820817349437,20.9820817349437,20.9820817349437,17.8290917053696,18.7302125345086,19.3400075391048,17.1750159966213,17.8877363367026,18.3999628135282,24.8267491471889,24.813598650385,24.8029410586538,24.9990050134625,24.9990040135818,24.9990033086534
run_0165,wet_001,wet,-1.24,-1.24,-1,sched_0005,0100,1,0.25,20.9820817349437,20.9820817349437,20.9820817349437,17.8290917053696,18.7302125345086,19.3400075391048,24.8653073415876,24.8571644759903,24.8507558615114,18.4608739188846,19.5321346023547,20.2446477710123,17.4367070332138,18.2367599910137,18.8065760367681
run_0166,wet_001,wet,-1.24,-1.24,-1,sched_0006,0101,2,0.5,20.9820817349437,20.9820817349437,20.9820817349437,17.8290917053696,18.7302125345086,19.3400075391048,24.8653073415876,24.8571644759903,24.8507558615114,18.4608739188846,19.5321346023547,20.2446477710123,24.8951134446539,24.8900328753214,24.8861235728911
run_0167,wet_001,wet,-1.24,-1.24,-1,sched_0007,0110,2,0.5,20.9820817349437,20.9820817349437,20.9820817349437,17.8290917053696,18.7302125345086,19.3400075391048,24.8653073415876,24.8571644759903,24.8507558615114,24.9993454146991,24.999344947387,24.9993446181387,18.48354468956,19.5595980315957,20.2740662759453
run_0168,wet_001,wet,-1.24,-1.24,-1,sched_0008,0111,3,0.75,20.9820817349437,20.9820817349437,20.9820817349437,17.8290917053696,18.7302125345086,19.3400075391048,24.8653073415876,24.8571644759903,24.8507558615114,24.9993454146991,24.999344947387,24.9993446181387,24.9999990757554,24.9999990757522,24.99999907575
run_0169,wet_001,wet,-1.24,-1.24,-1,sched_0009,1000,1,0.25,20.9820817349437,20.9820817349437,20.9820817349437,24.9306047856343,24.9282567289693,24.9264984410748,18.4722777094488,19.5459567362507,20.2594560372414,17.4408206873318,18.2421628756894,18.8127618971382,16.9880029395914,17.6389489834373,18.1138263624954
run_0170,wet_001,wet,-1.24,-1.24,-1,sched_0010,1001,2,0.5,20.9820817349437,20.9820817349437,20.9820817349437,24.9306047856343,24.9282567289693,24.9264984410748,18.4722777094488,19.5459567362507,20.2594560372414,17.4408206873318,18.2421628756894,18.8127618971382,24.8445353202293,24.833842441635,24.8252933174253
run_0171,wet_001,wet,-1.24,-1.24,-1,sched_0011,1010,2,0.5,20.9820817349437,20.9820817349437,20.9820817349437,24.9306047856343,24.9282567289693,24.9264984410748,18.4722777094488,19.5459567362507,20.2594560372414,24.8955658639731,24.8905263890305,24.8866500270938,18.4662257949755,19.5386229167286,20.2516001347162
run_0172,wet_001,wet,-1.24,-1.24,-1,sched_0012,1011,3,0.75,20.9820817349437,20.9820817349437,20.9820817349437,24.9306047856343,24.9282567289693,24.9264984410748,18.4722777094488,19.5459567362507,20.2594560372414,24.8955658639731,24.8905263890305,24.8866500270938,24.9995710055221,24.9995707886529,24.9995706358778
run_0173,wet_001,wet,-1.24,-1.24,-1,sched_0013,1100,2,0.5,20.9820817349437,20.9820817349437,20.9820817349437,24.9306047856343,24.9282567289693,24.9264984410748,24.9997826127294,24.9997825496064,24.9997825051582,18.4836215839974,19.5596910671041,20.2741659125284,17.4448969242157,18.2475151268831,18.8188883391984
run_0174,wet_001,wet,-1.24,-1.24,-1,sched_0014,1101,3,0.75,20.9820817349437,20.9820817349437,20.9820817349437,24.9306047856343,24.9282567289693,24.9264984410748,24.9997826127294,24.9997825496064,24.9997825051582,18.4836215839974,19.5596910671041,20.2741659125284,24.8960138848269,24.8910149459015,24.8871711097222
run_0175,wet_001,wet,-1.24,-1.24,-1,sched_0015,1110,3,0.75,20.9820817349437,20.9820817349437,20.9820817349437,24.9306047856343,24.9282567289693,24.9264984410748,24.9997826127294,24.9997825496064,24.9997825051582,24.9999994053277,24.9999994053263,24.9999994053253,18.483654494143,19.5597309425209,20.2742104903748
run_0176,wet_001,wet,-1.24,-1.24,-1,sched_0016,1111,4,1,20.9820817349437,20.9820817349437,20.9820817349437,24.9306047856343,24.9282567289693,24.9264984410748,24.9997826127294,24.9997825496064,24.9997825051582,24.9999994053277,24.9999994053263,24.9999994053253,24.9999998604078,24.9999998604077,24.9999998604077
run_0177,wet_002,wet,-1.22444140602553,-1.24,-1,sched_0001,0000,0,0,21.2799423656322,21.2799423656322,21.2799423656322,17.8865451684555,18.8068903937724,19.4318571946564,17.2020488765969,17.9244736329369,18.4437634220339,16.8545508571052,17.457657192673,17.899900873007,16.6379326274775,17.1618200691748,17.5500291521837
run_0178,wet_002,wet,-1.22444140602553,-1.24,-1,sched_0002,0001,1,0.25,21.2799423656322,21.2799423656322,21.2799423656322,17.8865451684555,18.8068903937724,19.4318571946564,17.2020488765969,17.9244736329369,18.4437634220339,16.8545508571052,17.457657192673,17.899900873007,24.8024016958226,24.7854714919153,24.7714910690132
run_0179,wet_002,wet,-1.22444140602553,-1.24,-1,sched_0003,0010,1,0.25,21.2799423656322,21.2799423656322,21.2799423656322,17.8865451684555,18.8068903937724,19.4318571946564,17.2020488765969,17.9244736329369,18.4437634220339,24.8287138511241,24.8158473407314,24.8054355458466,18.4541636279634,19.5239944094651,20.2359123414705
run_0180,wet_002,wet,-1.22444140602553,-1.24,-1,sched_0004,0011,2,0.5,21.2799423656322,21.2799423656322,21.2799423656322,17.8865451684555,18.8068903937724,19.4318571946564,17.2020488765969,17.9244736329369,18.4437634220339,24.8287138511241,24.8158473407314,24.8054355458466,24.9990237466752,24.9990227811367,24.9990221002815
run_0181,wet_002,wet,-1.22444140602553,-1.24,-1,sched_0005,0100,1,0.25,21.2799423656322,21.2799423656322,21.2799423656322,17.8865451684555,18.8068903937724,19.4318571946564,24.8685396122962,24.8607627421355,24.8546571279082,18.4614553196114,19.5328396057643,20.245399711689,17.4369173730156,18.2370362884415,18.8068924101343
run_0182,wet_002,wet,-1.22444140602553,-1.24,-1,sched_0006,0101,2,0.5,21.2799423656322,21.2799423656322,21.2799423656322,17.8865451684555,18.8068903937724,19.4318571946564,24.8685396122962,24.8607627421355,24.8546571279082,18.4614553196114,19.5328396057643,20.245399711689,24.8951365605662,24.8900580944029,24.8861504788181
run_0183,wet_002,wet,-1.22444140602553,-1.24,-1,sched_0007,0110,2,0.5,21.2799423656322,21.2799423656322,21.2799423656322,17.8865451684555,18.8068903937724,19.4318571946564,24.8685396122962,24.8607627421355,24.8546571279082,24.9993712985614,24.9993708643373,24.9993705583811,18.4835375547703,19.5595894950419,20.2740591281207
run_0184,wet_002,wet,-1.22444140602553,-1.24,-1,sched_0008,0111,3,0.75,21.2799423656322,21.2799423656322,21.2799423656322,17.8865451684555,18.8068903937724,19.4318571946564,24.8685396122962,24.8607627421355,24.8546571279082,24.9993712985614,24.9993708643373,24.9993705583811,24.999999093278,24.9999990932748,24.9999990932725
run_0185,wet_002,wet,-1.22444140602553,-1.24,-1,sched_0009,1000,1,0.25,21.2799423656322,21.2799423656322,21.2799423656322,24.9379291084504,24.9360205341451,24.934599487988,18.4735074121988,19.5474456569095,20.2610523470342,17.4412634490014,18.2427443073151,18.813427496352,16.9882382069178,17.6392666090513,18.1141985497512
run_0186,wet_002,wet,-1.22444140602553,-1.24,-1,sched_0010,1001,2,0.5,21.2799423656322,21.2799423656322,21.2799423656322,24.9379291084504,24.9360205341451,24.934599487988,18.4735074121988,19.5474456569095,20.2610523470342,17.4412634490014,18.2427443073151,18.813427496352,24.8445626220201,24.8338733212829,24.8253272554016
run_0187,wet_002,wet,-1.22444140602553,-1.24,-1,sched_0011,1010,2,0.5,21.2799423656322,21.2799423656322,21.2799423656322,24.9379291084504,24.9360205341451,24.934599487988,18.4735074121988,19.5474456569095,20.2610523470342,24.8956145572562,24.8905794867683,24.8867066679954,18.4662343020078,19.5386332278714,20.2516111857772
run_0188,wet_002,wet,-1.22444140602553,-1.24,-1,sched_0012,1011,3,0.75,21.2799423656322,21.2799423656322,21.2799423656322,24.9379291084504,24.9360205341451,24.934599487988,18.4735074121988,19.5474456569095,20.2610523470342,24.8956145572562,24.8905794867683,24.8867066679954,24.9995713278851,24.9995711112547,24.9995709586819
run_0189,wet_002,wet,-1.22444140602553,-1.24,-1,sched_0013,1100,2,0.5,21.2799423656322,21.2799423656322,21.2799423656322,24.9379291084504,24.9360205341451,24.934599487988,24.9998194744399,24.9998194293266,24.99981939762,18.4836225016677,19.5596921831331,20.2741663215211,17.4448972679918,18.2475155795954,18.818888859585
run_0190,wet_002,wet,-1.22444140602553,-1.24,-1,sched_0014,1101,3,0.75,21.2799423656322,21.2799423656322,21.2799423656322,24.9379291084504,24.9360205341451,24.934599487988,24.9998194744399,24.9998194293266,24.99981939762,18.4836225016677,19.5596921831331,20.2741663215211,24.8960139219667,24.8910149863945,24.8871711529013
run_0191,wet_002,wet,-1.22444140602553,-1.24,-1,sched_0015,1110,3,0.75,21.2799423656322,21.2799423656322,21.2799423656322,24.9379291084504,24.9360205341451,24.934599487988,24.9998194744399,24.9998194293266,24.99981939762,24.9999994403904,24.9999994403892,24.9999994403883,18.4836592505694,19.5597366574014,20.2742144176464
run_0192,wet_002,wet,-1.22444140602553,-1.24,-1,sched_0016,1111,4,1,21.2799423656322,21.2799423656322,21.2799423656322,24.9379291084504,24.9360205341451,24.934599487988,24.9998194744399,24.9998194293266,24.99981939762,24.9999994403904,24.9999994403892,24.9999994403883,24.999999863455,24.9999998634549,24.9999998634548
run_0193,wet_003,wet,-1.04074337072884,-1.24,-1,sched_0001,0000,0,0,23.9818932982516,23.9818932982516,23.9818932982516,18.3296832477082,19.3719613294271,20.071857309807,17.3880829203589,18.1727700910978,18.7331799039899,16.9596830521635,17.6006817114476,18.0689493200426,16.706785620819,17.2564587006121,17.6627810717678
run_0194,wet_003,wet,-1.04074337072884,-1.24,-1,sched_0002,0001,1,0.25,23.9818932982516,23.9818932982516,23.9818932982516,18.3296832477082,19.3719613294271,20.071857309807,17.3880829203589,18.1727700910978,18.7331799039899,16.9596830521635,17.6006817114476,18.0689493200426,24.8109683827609,24.7954232679314,24.7826713538303
run_0195,wet_003,wet,-1.04074337072884,-1.24,-1,sched_0003,0010,1,0.25,23.9818932982516,23.9818932982516,23.9818932982516,18.3296832477082,19.3719613294271,20.071857309807,17.3880829203589,18.1727700910978,18.7331799039899,24.8412338031846,24.8301039364034,24.8211830627401,18.4564858997339,19.526811986115,20.2389341354785
run_0196,wet_003,wet,-1.04074337072884,-1.24,-1,sched_0004,0011,2,0.5,23.9818932982516,23.9818932982516,23.9818932982516,18.3296832477082,19.3719613294271,20.071857309807,17.3880829203589,18.1727700910978,18.7331799039899,24.8412338031846,24.8301039364034,24.8211830627401,24.9991396434401,24.9991388756385,24.9991383344686
run_0197,wet_003,wet,-1.04074337072884,-1.24,-1,sched_0005,0100,1,0.25,23.9818932982516,23.9818932982516,23.9818932982516,18.3296832477082,19.3719613294271,20.071857309807,24.8897503982688,24.8841705054675,24.8798594983794,18.4652170402558,19.5373997885795,20.2502911617037,17.4382765993188,18.2388216458631,18.8089366430242
run_0198,wet_003,wet,-1.04074337072884,-1.24,-1,sched_0006,0101,2,0.5,23.9818932982516,23.9818932982516,23.9818932982516,18.3296832477082,19.3719613294271,20.071857309807,24.8897503982688,24.8841705054675,24.8798594983794,18.4652170402558,19.5373997885795,20.2502911617037,24.8952861640358,24.8902212984825,24.8863245851219
run_0199,wet_003,wet,-1.04074337072884,-1.24,-1,sched_0007,0110,2,0.5,23.9818932982516,23.9818932982516,23.9818932982516,18.3296832477082,19.3719613294271,20.071857309807,24.8897503982688,24.8841705054675,24.8798594983794,24.999530598333,24.9995303428807,24.9995301629455,18.4835821182797,19.5596435820821,20.2741178974092
run_0200,wet_003,wet,-1.04074337072884,-1.24,-1,sched_0008,0111,3,0.75,23.9818932982516,23.9818932982516,23.9818932982516,18.3296832477082,19.3719613294271,20.071857309807,24.8897503982688,24.8841705054675,24.8798594983794,24.999530598333,24.9995303428807,24.9995301629455,24.9999992045339,24.9999992045308,24.9999992045289
run_0201,wet_003,wet,-1.04074337072884,-1.24,-1,sched_0009,1000,1,0.25,23.9818932982516,23.9818932982516,23.9818932982516,24.9892002465298,24.9891234748753,24.9890687447521,18.4819285511101,19.5576420835826,20.2719754566777,17.4442897713099,18.2467180079384,18.8179760125301,16.9898452016536,17.6414360455126,18.1167405477965
run_0202,wet_003,wet,-1.04074337072884,-1.24,-1,sched_0010,1001,2,0.5,23.9818932982516,23.9818932982516,23.9818932982516,24.9892002465298,24.9891234748753,24.9890687447521,18.4819285511101,19.5576420835826,20.2719754566777,17.4442897713099,18.2467180079384,18.8179760125301,24.8447495921908,24.8340847746849,24.825559487031
run_0203,wet_003,wet,-1.04074337072884,-1.24,-1,sched_0011,1010,2,0.5,23.9818932982516,23.9818932982516,23.9818932982516,24.9892002465298,24.9891234748753,24.9890687447521,18.4819285511101,19.5576420835826,20.2719754566777,24.8959473583669,24.8909423968993,24.8870937071151,18.4662952082343,19.5387070160825,20.2516902734431
run_0204,wet_003,wet,-1.04074337072884,-1.24,-1,sched_0012,1011,3,0.75,23.9818932982516,23.9818932982516,23.9818932982516,24.9892002465298,24.9891234748753,24.9890687447521,18.4819285511101,19.5576420835826,20.2719754566777,24.8959473583669,24.8909423968993,24.8870937071151,24.9995735956108,24.9995733810567,24.9995732299468
run_0205,wet_003,wet,-1.04074337072884,-1.24,-1,sched_0013,1100,2,0.5,23.9818932982516,23.9818932982516,23.9818932982516,24.9892002465298,24.9891234748753,24.9890687447521,24.9999890590013,24.9999890587211,24.9999890585248,18.4836597788422,19.5597372727498,20.2742152571996,17.4449106265319,18.2475331162488,18.8189089285728
run_0206,wet_003,wet,-1.04074337072884,-1.24,-1,sched_0014,1101,3,0.75,23.9818932982516,23.9818932982516,23.9818932982516,24.9892002465298,24.9891234748753,24.9890687447521,24.9999890590013,24.9999890587211,24.9999890585248,18.4836597788422,19.5597372727498,20.2742152571996,24.896015389944,24.8910165869095,24.8871728595817
run_0207,wet_003,wet,-1.04074337072884,-1.24,-1,sched_0015,1110,3,0.75,23.9818932982516,23.9818932982516,23.9818932982516,24.9892002465298,24.9891234748753,24.9890687447521,24.9999890590013,24.9999890587211,24.9999890585248,24.9999997147483,24.9999997147479,24.9999997147477,18.48365613618,19.5597329021843,20.274211108121
run_0208,wet_003,wet,-1.04074337072884,-1.24,-1,sched_0016,1111,4,1,23.9818932982516,23.9818932982516,23.9818932982516,24.9892002465298,24.9891234748753,24.9890687447521,24.9999890590013,24.9999890587211,24.9999890585248,24.9999997147483,24.9999997147479,24.9999997147477,24.9999998968526,24.9999998968525,24.9999998968525
run_0209,wet_004,wet,-1.02028676362367,-1.24,-1,sched_0001,0000,0,0,24.1544334838334,24.1544334838334,24.1544334838334,18.3555160917044,19.4036892622545,20.1062682660295,17.3978525620694,18.1856474838973,18.7479727424012,16.9649745327876,17.607837320768,18.0773471032779,16.7101730078734,17.2610986079066,17.6682861398727
run_0210,wet_004,wet,-1.02028676362367,-1.24,-1,sched_0002,0001,1,0.25,24.1544334838334,24.1544334838334,24.1544334838334,18.3555160917044,19.4036892622545,20.1062682660295,17.3978525620694,18.1856474838973,18.7479727424012,16.9649745327876,17.607837320768,18.0773471032779,24.8113842941093,24.7959048952008,24.7832109638334
run_0211,wet_004,wet,-1.02028676362367,-1.24,-1,sched_0003,0010,1,0.25,24.1544334838334,24.1544334838334,24.1544334838334,18.3555160917044,19.4036892622545,20.1062682660295,17.3978525620694,18.1856474838973,18.7479727424012,24.8418525529129,24.8308052408108,24.821954697111,18.4566024575161,19.5269532366554,20.2390875760058
run_0212,wet_004,wet,-1.02028676362367,-1.24,-1,sched_0004,0011,2,0.5,24.1544334838334,24.1544334838334,24.1544334838334,18.3555160917044,19.4036892622545,20.1062682660295,17.3978525620694,18.1856474838973,18.7479727424012,24.8418525529129,24.8308052408108,24.821954697111,24.9991452158615,24.9991444567959,24.9991439219119
run_0213,wet_004,wet,-1.02028676362367,-1.24,-1,sched_0005,0100,1,0.25,24.1544334838334,24.1544334838334,24.1544334838334,18.3555160917044,19.4036892622545,20.1062682660295,24.8908309573057,24.8853534917682,24.8811250841318,18.4654067193143,19.5376293012234,20.2505419297438,17.438345057877,18.2389115639675,18.809039597744
run_0214,wet_004,wet,-1.02028676362367,-1.24,-1,sched_0006,0101,2,0.5,24.1544334838334,24.1544334838334,24.1544334838334,18.3555160917044,19.4036892622545,20.1062682660295,24.8908309573057,24.8853534917682,24.8811250841318,18.4654067193143,19.5376293012234,20.2505419297438,24.8952936729025,24.890229491056,24.8863333649906
run_0215,wet_004,wet,-1.02028676362367,-1.24,-1,sched_0007,0110,2,0.5,24.1544334838334,24.1544334838334,24.1544334838334,18.3555160917044,19.4036892622545,20.1062682660295,24.8908309573057,24.8853534917682,24.8811250841318,24.999538210439,24.9995379624787,24.999537787817,18.4835875896318,19.5596499439476,20.2741219391528
run_0216,wet_004,wet,-1.02028676362367,-1.24,-1,sched_0008,0111,3,0.75,24.1544334838334,24.1544334838334,24.1544334838334,18.3555160917044,19.4036892622545,20.1062682660295,24.8908309573057,24.8853534917682,24.8811250841318,24.999538210439,24.9995379624787,24.999537787817,24.9999992100449,24.9999992100425,24.9999992100409
run_0217,wet_004,wet,-1.02028676362367,-1.24,-1,sched_0009,1000,1,0.25,24.1544334838334,24.1544334838334,24.1544334838334,24.9916160530484,24.9915676910062,24.9915332988406,18.4823119189802,19.5581060322317,20.2724697881544,17.4444272804842,18.2468985425952,18.818182640588,16.9899181742045,17.6415345531241,18.1168559669563
run_0218,wet_004,wet,-1.02028676362367,-1.24,-1,sched_0010,1001,2,0.5,24.1544334838334,24.1544334838334,24.1544334838334,24.9916160530484,24.9915676910062,24.9915332988406,18.4823119189802,19.5581060322317,20.2724697881544,17.4444272804842,18.2468985425952,18.818182640588,24.8447580740054,24.8340943663643,24.8255700207337
run_0219,wet_004,wet,-1.02028676362367,-1.24,-1,sched_0011,1010,2,0.5,24.1544334838334,24.1544334838334,24.1544334838334,24.9916160530484,24.9915676910062,24.9915332988406,18.4823119189802,19.5581060322317,20.2724697881544,24.8959624735888,24.8909588787372,24.8871112820277,18.4662978521267,19.5387102206509,20.2516937081609
run_0220,wet_004,wet,-1.02028676362367,-1.24,-1,sched_0012,1011,3,0.75,24.1544334838334,24.1544334838334,24.1544334838334,24.9916160530484,24.9915676910062,24.9915332988406,18.4823119189802,19.5581060322317,20.2724697881544,24.8959624735888,24.8909588787372,24.8871112820277,24.9995737044967,24.9995734900413,24.9995733389907
run_0221,wet_004,wet,-1.02028676362367,-1.24,-1,sched_0013,1100,2,0.5,24.1544334838334,24.1544334838334,24.1544334838334,24.9916160530484,24.9915676910062,24.9915332988406,24.9999922750091,24.9999922748537,24.9999922747516,18.4836555883006,19.5597322345242,20.2742101446733,17.4449091259245,18.2475311472696,18.8189066769386
run_0222,wet_004,wet,-1.02028676362367,-1.24,-1,sched_0014,1101,3,0.75,24.1544334838334,24.1544334838334,24.1544334838334,24.9916160530484,24.9915676910062,24.9915332988406,24.9999922750091,24.9999922748537,24.9999922747516,18.4836555883006,19.5597322345242,20.2742101446733,24.8960152255932,24.8910164077202,24.8871726685065
run_0223,wet_004,wet,-1.02028676362367,-1.24,-1,sched_0015,1110,3,0.75,24.1544334838334,24.1544334838334,24.1544334838334,24.9916160530484,24.9915676910062,24.9915332988406,24.9999922750091,24.9999922748537,24.9999922747516,24.9999997338084,24.999999733808,24.9999997338078,18.483658254821,19.5597354692238,20.2742138954301
run_0224,wet_004,wet,-1.02028676362367,-1.24,-1,sched_0016,1111,4,1,24.1544334838334,24.1544334838334,24.1544334838334,24.9916160530484,24.9915676910062,24.9915332988406,24.9999922750091,24.9999922748537,24.9999922747516,24.9999997338084,24.999999733808,24.9999997338078,24.9999999001817,24.9999999001817,24.9999999001816
run_0225,wet_005,wet,-1,-1.24,-1,sched_0001,0000,0,0,24.3017739995561,24.3017739995561,24.3017739995561,18.3775673402635,19.4306911492277,20.1354783784642,17.4061132748777,18.1965274296215,18.7604613135308,16.9694324477026,17.6138636136281,18.0844170688041,16.7130213074446,17.2649993470936,17.6729133167909
run_0226,wet_005,wet,-1,-1.24,-1,sched_0002,0001,1,0.25,24.3017739995561,24.3017739995561,24.3017739995561,18.3775673402635,19.4306911492277,20.1354783784642,17.4061132748777,18.1965274296215,18.7604613135308,16.9694324477026,17.6138636136281,18.0844170688041,24.8117338138067,24.7963095290495,24.7836642003776
run_0227,wet_005,wet,-1,-1.24,-1,sched_0003,0010,1,0.25,24.3017739995561,24.3017739995561,24.3017739995561,18.3775673402635,19.4306911492277,20.1354783784642,17.4061132748777,18.1965274296215,18.7604613135308,24.8423725358816,24.8313943768674,24.8226027202362,18.4566981046227,19.5270693817323,20.2392100017112
run_0228,wet_005,wet,-1,-1.24,-1,sched_0004,0011,2,0.5,24.3017739995561,24.3017739995561,24.3017739995561,18.3775673402635,19.4306911492277,20.1354783784642,17.4061132748777,18.1965274296215,18.7604613135308,24.8423725358816,24.8313943768674,24.8226027202362,24.9991498880921,24.9991491367684,24.9991486072539
run_0229,wet_005,wet,-1,-1.24,-1,sched_0005,0100,1,0.25,24.3017739995561,24.3017739995561,24.3017739995561,18.3775673402635,19.4306911492277,20.1354783784642,24.891743611591,24.8863519405573,24.8821926409396,18.465567182416,19.5378236190794,20.250752396707,17.438402965504,18.2389876204463,18.8091266752418
run_0230,wet_005,wet,-1,-1.24,-1,sched_0006,0101,2,0.5,24.3017739995561,24.3017739995561,24.3017739995561,18.3775673402635,19.4306911492277,20.1354783784642,24.891743611591,24.8863519405573,24.8821926409396,18.465567182416,19.5378236190794,20.250752396707,24.8952998472246,24.8902362511946,24.8863405852078
run_0231,wet_005,wet,-1,-1.24,-1,sched_0007,0110,2,0.5,24.3017739995561,24.3017739995561,24.3017739995561,18.3775673402635,19.4306911492277,20.1354783784642,24.891743611591,24.8863519405573,24.8821926409396,24.9995446051579,24.9995443633989,24.9995441931074,18.4835862406734,19.5596481971193,20.2741247616623
run_0232,wet_005,wet,-1,-1.24,-1,sched_0008,0111,3,0.75,24.3017739995561,24.3017739995561,24.3017739995561,18.3775673402635,19.4306911492277,20.1354783784642,24.891743611591,24.8863519405573,24.8821926409396,24.9995446051579,24.9995443633989,24.9995441931074,24.9999992146803,24.999999214678,24.9999992146764
run_0233,wet_005,wet,-1,-1.24,-1,sched_0009,1000,1,0.25,24.3017739995561,24.3017739995561,24.3017739995561,24.9935627963237,24.9935329245591,24.9935117261471,18.4826352715167,19.5584983163003,20.2728929924224,17.4445432657401,18.2470508197273,18.8183569294946,16.9899797222018,17.6416176386083,18.1169533169068
run_0234,wet_005,wet,-1,-1.24,-1,sched_0010,1001,2,0.5,24.3017739995561,24.3017739995561,24.3017739995561,24.9935627963237,24.9935329245591,24.9935117261471,18.4826352715167,19.5584983163003,20.2728929924224,17.4445432657401,18.2470508197273,18.8183569294946,24.844765227951,24.8341024563786,24.825578905259
run_0235,wet_005,wet,-1,-1.24,-1,sched_0011,1010,2,0.5,24.3017739995561,24.3017739995561,24.3017739995561,24.9935627963237,24.9935329245591,24.9935117261471,18.4826352715167,19.5584983163003,20.2728929924224,24.8959752232,24.890972779898,24.8871261059216,18.4663000821141,19.5387129235392,20.2516966051705
run_0236,wet_005,wet,-1,-1.24,-1,sched_0012,1011,3,0.75,24.3017739995561,24.3017739995561,24.3017739995561,24.9935627963237,24.9935329245591,24.9935117261471,18.4826352715167,19.5584983163003,20.2728929924224,24.8959752232,24.890972779898,24.8871261059216,24.9995737921303,24.9995735776601,24.9995734266632
run_0237,wet_005,wet,-1,-1.24,-1,sched_0013,1100,2,0.5,24.3017739995561,24.3017739995561,24.3017739995561,24.9935627963237,24.9935329245591,24.9935117261471,24.9999944714925,24.9999944714123,24.9999944713559,18.4836505369631,19.5597261292945,20.2742044857243,17.4449073112093,18.2475287649177,18.8189039505392
run_0238,wet_005,wet,-1,-1.24,-1,sched_0014,1101,3,0.75,24.3017739995561,24.3017739995561,24.3017739995561,24.9935627963237,24.9935329245591,24.9935117261471,24.9999944714925,24.9999944714123,24.9999944713559,18.4836505369631,19.5597261292945,20.2742044857243,24.8960150265463,24.8910161907023,24.8871724370935
run_0239,wet_005,wet,-1,-1.24,-1,sched_0015,1110,3,0.75,24.3017739995561,24.3017739995561,24.3017739995561,24.9935627963237,24.9935329245591,24.9935117261471,24.9999944714925,24.9999944714123,24.9999944713559,24.9999997510955,24.9999997510951,24.9999997510949,18.4836416285245,19.5597152703075,20.2741907173166
run_0240,wet_005,wet,-1,-1.24,-1,sched_0016,1111,4,1,24.3017739995561,24.3017739995561,24.3017739995561,24.9935627963237,24.9935329245591,24.9935117261471,24.9999944714925,24.9999944714123,24.9999944713559,24.9999997510955,24.9999997510951,24.9999997510949,24.9999999033884,24.9999999033884,24.9999999033883
